2,1580671325,1580671329,20,107.21,36.7,0.319232,0.000092574,0.524714,0.000155981,-0.35225,0.000101242
3,1580671339,1580671343,60,107.21,36.7,0.1465516,0.000088022,0.700846,0.000114586,0.0627416,0.000108156
4,1580671351,1580671355,100,107.21,36.7,0.501774,0.000131643,0.779588,0.000130077,0.383474,0.000132778
5,1580671362,1580671366,140,107.21,36.7,1.022726,0.000071274,0.731968,0.000013038,0.0817502,0.000027563
6,1580671373,1580671377,180,107.21,36.7,1.117914,0.00004827,0.624092,0.000042071,-0.583586,0.000065803
7,1580671444,1580671448,180,107.21,66.9,0.731024,0.000129538,0.570958,0.000154175,-0.559268,0.000153688
8,1580671454,1580671458,140,107.21,66.9,0.694722,0.00010895,0.63345,0.000124097,-0.210824,0.000111265
9,1580671465,1580671469,100,107.21,66.9,0.498028,0.000046583,0.64581,0.000041231,-0.043118,0.000077078
10,1580671474,1580671478,60,107.21,66.9,0.363212,0.000145155,0.58966,0.000138203,-0.1313976,0.000155291
11,1580671483,1580671487,20,107.21,66.9,0.467658,0.000155788,0.455606,0.00012522,-0.287692,0.000103537
12,1580671507,1580671511,20,107.21,106.7,0.51835,0.000062849,0.40061,0.000160156,-0.28195,0.000089443
13,1580671518,1580671522,60,107.21,106.7,0.448066,0.00008961,0.4937,0.000291719,-0.260612,0.000213939
14,1580671529,1580671533,100,107.21,106.7,0.456142,0.000058907,0.536064,0.000074364,-0.267572,0.000087864
15,1580671540,1580671544,140,107.21,106.7,0.4883,0.000028284,0.534476,0.0000498,-0.361952,0.000064187
16,1580671550,1580671554,180,107.21,106.7,0.464728,0.000090664,0.502464,0.000159781,-0.5266,0.000174213
17,1580671573,1580671577,180,107.21,146.9,0.334402,0.000144465,0.44946,0.000150333,-0.48021,0.000166883
18,1580671583,1580671587,140,107.21,146.9,0.37997,0.000354612,0.469458,0.000338408,-0.394642,0.000201668
19,1580671591,1580671595,100,107.21,146.9,0.405008,0.000456092,0.468602,0.00031523,-0.334774,0.000237339
20,1580671601,1580671605,60,107.21,146.9,0.443606,0.000085615,0.43343,0.000134536,-0.305582,0.000131605
21,1580671612,1580671616,20,107.21,146.9,0.500606,0.000024083,0.37022,0.000096695,-0.286454,0.000035071
22,1580671641,1580671645,20,107.21,186.5,0.47466,0.000088882,0.32862,0.000149499,-0.28235,0.000083367
23,1580671651,1580671655,60,107.21,186.5,0.415574,0.000065038,0.385684,0.00016562,-0.31139,0.000110227
24,1580671662,1580671666,100,107.21,186.5,0.369238,0.000075299,0.408442,0.000102567,-0.343144,0.000076026
25,1580671672,1580671676,140,107.21,186.5,0.321876,0.000166523,0.413456,0.000163799,-0.383358,0.000172105
26,1580671683,1580671687,180,107.21,186.5,0.264522,0.000071554,0.4048,0.000183712,-0.429796,0.000165922
27,1580671782,1580671786,180,27.21,36.7,1.099858,0.000094181,0.548954,0.000131072,-0.446116,0.000148762
28,1580671793,1580671797,140,27.21,36.7,0.91744,0.000035355,0.393182,0.000023875,0.128183,0.000056054
29,1580671804,1580671808,100,27.21,36.7,0.387894,0.000032094,0.267112,0.000107796,0.38612,0.000051962
30,1580671813,1580671817,60,27.21,36.7,-0.0473342,0.000068907,0.234276,0.000099398,0.1265406,0.000105571
31,1580671823,1580671827,20,27.21,36.7,-0.0876364,0.000006693,0.1661906,0.000090091,-0.33836,0.000118954
32,1580671851,1580671855,20,27.21,67,0.1648398,0.000007727,0.216706,0.000127004,-0.313836,0.000015166
33,1580671862,1580671866,60,27.21,67,0.1833058,0.000128151,0.304462,0.000148896,-0.093648,0.00011728
34,1580671873,1580671877,100,27.21,67,0.395598,0.000135167,0.365424,0.00011349,0.0089618,0.00011352
35,1580671885,1580671889,140,27.21,67,0.642454,0.000100648,0.447104,0.000122188,-0.1305448,0.000135572
36,1580671895,1580671899,180,27.21,67,0.758038,0.000100598,0.506984,0.000161493,-0.445194,0.000065803
37,1580671919,1580671923,180,27.21,106.9,0.495634,0.000040988,0.47902,0.000114673,-0.43214,0.000079687
38,1580671928,1580671932,140,27.21,106.9,0.458774,0.000038471,0.45336,0.000109772,-0.273792,0.000131034
39,1580671938,1580671942,100,27.21,106.9,0.372154,0.000029665,0.405794,0.000060663,-0.197072,0.000058907
40,1580671949,1580671953,60,27.21,106.9,0.303144,0.000104307,0.345614,0.000124619,-0.218492,0.000115195
41,1580671959,1580671963,20,27.21,106.9,0.305322,0.000017889,0.269878,0.000121326,-0.2923,0.000046368
42,1580671994,1580671998,20,27.21,146.9,0.354948,0.000164225,0.287744,0.000170529,-0.271148,0.000201172
43,1580672004,1580672008,60,27.21,146.9,0.33587,0.000121037,0.35061,0.00024,-0.25305,0.00021272
44,1580672015,1580672019,100,27.21,146.9,0.346308,0.000087579,0.396738,0.000146867,-0.25911,0.000111131
45,1580672026,1580672030,140,27.21,146.9,0.364502,0.000098336,0.426774,0.000133903,-0.307768,0.000124378
46,1580672037,1580672041,180,27.21,146.9,0.354234,0.000669313,0.441244,0.001629058,-0.394734,0.00114321
47,1580672061,1580672065,180,27.21,186.5,0.276388,0.000079812,0.400238,0.000130269,-0.34503,0.000095394
48,1580672073,1580672077,140,27.21,186.5,0.30621,0.000137659,0.391088,0.000174557,-0.295566,0.000169352
49,1580672084,1580672088,100,27.21,186.5,0.322988,0.000097826,0.367622,0.000049699,-0.263036,0.000156621
50,1580672094,1580672098,60,27.21,186.5,0.336768,0.000014832,0.334742,0.000262621,-0.24877,0.000178185
51,1580672107,1580672111,20,27.21,186.5,0.361578,0.000088431,0.290024,0.0002751,-0.245606,0.000205743
52,1580672228,1580672232,20,-52.79,37.2,-0.1718196,0.00012033,0.194752,0.000157067,-0.61221,0.000134907
53,1580672242,1580672246,60,-52.79,37.2,-0.1019356,0.000071371,0.220084,0.000099398,-0.32066,0.000062048
54,1580672253,1580672257,100,-52.79,37.2,0.1491716,0.000141054,0.308284,0.000260634,-0.185152,0.000094974
55,1580672264,1580672268,140,-52.79,37.2,0.415788,0.000016432,0.51779,0.000018708,-0.189544,0.00006229
56,1580672275,1580672279,180,-52.79,37.2,0.740446,0.000016733,0.756456,0.000077006,-0.298998,0.000032711
57,1580672299,1580672303,180,-52.79,67,0.586222,0.000066106,0.686338,0.000110995,-0.338714,0.000117813
58,1580672308,1580672312,140,-52.79,67,0.3775,0.00003,0.564674,0.000027928,-0.221954,0.000041593
59,1580672316,1580672321,100,-52.79,67,0.18871,0.000085147,0.430852,0.000036332,-0.21938,0.000093005
60,1580672326,1580672330,60,-52.79,67,0.046594,0.000022517,0.335534,0.000039115,-0.319698,0.000102078
61,1580672337,1580672341,20,-52.79,67,0.0143118,0.000014255,0.26662,0.000044721,-0.496302,0.000045497
62,1580672362,1580672366,20,-52.79,107.3,0.1590108,0.00001862,0.319146,0.00006269,-0.381798,0.000040866
63,1580672374,1580672378,60,-52.79,107.3,0.1647966,0.000064337,0.389924,0.00002881,-0.28808,0.000073144
64,1580672385,1580672389,100,-52.79,107.3,0.23155,0.000076158,0.466964,0.000027928,-0.232012,0.000055408
65,1580672394,1580672398,140,-52.79,107.3,0.330822,0.000181301,0.545362,0.000094181,-0.240702,0.000124579
66,1580672404,1580672408,180,-52.79,107.3,0.427418,0.000128335,0.606492,0.000182538,-0.32505,0.000154596
67,1580672429,1580672433,180,-52.79,147.1,0.328616,0.000118025,0.525878,0.000163768,-0.282532,0.000114324
68,1580672440,1580672444,140,-52.79,147.1,0.287878,0.00016947,0.496776,0.000106442,-0.226768,0.00018913
69,1580672450,1580672454,100,-52.79,147.1,0.247496,0.000195653,0.447884,0.000259095,-0.216622,0.000195627
70,1580672461,1580672465,60,-52.79,147.1,0.22439,0.000172047,0.3924,0.000178466,-0.2452,0.000125897
71,1580672472,1580672476,20,-52.79,147.1,0.23394,0.000025495,0.33644,0.000093808,-0.29528,0.000067454
72,1580672499,1580672503,20,-52.79,187,0.276266,0.000036469,0.326072,0.000045497,-0.229268,0.000038341
73,1580672510,1580672514,60,-52.79,187,0.25781,0.000106536,0.365604,0.000116748,-0.203638,0.000102323
74,1580672522,1580672526,100,-52.79,187,0.254768,0.000141669,0.40449,0.000061237,-0.19042,0.000080932
75,1580672533,1580672537,140,-52.79,187,0.259952,0.000253318,0.436404,0.000112827,-0.1991,0.000171026
76,1580672544,1580672548,180,-52.79,187,0.264914,0.000139032,0.452372,0.000044385,-0.232816,0.000034351
78,1580672790,1580672794,180,-132.79,37.5,0.372382,0.000017889,1.389444,0.00004827,0.190802,0.000042661
79,1580672803,1580672807,140,-132.79,37.5,-0.1197986,0.000029838,1.183066,0.000021909,-0.066582,0.000132929
80,1580672816,1580672820,100,-132.79,37.5,-0.242932,0.000027749,0.929056,0.000160562,-0.36369,0.00006364
81,1580672829,1580672833,60,-132.79,37.5,-0.300272,0.00010849,0.720364,0.000133529,-0.511328,0.000129112
82,1580672840,1580672844,20,-132.79,37.5,-0.342008,0.000082885,0.559064,0.000153883,-0.74184,0.000079057
83,1580672878,1580672882,20,-132.79,66.7,-0.1643054,0.00007615,0.537552,0.000049699,-0.565292,0.0000249
84,1580672891,1580672895,60,-132.79,66.7,-0.1668646,0.000014605,0.67477,0.00002,-0.378066,0.000034351
85,1580672902,1580672906,100,-132.79,66.7,-0.1031992,0.000119974,0.835988,0.000163921,-0.210264,0.000142408
86,1580672912,1580672916,140,-132.79,66.7,0.0585756,0.000109024,1.005228,0.000071903,-0.0392486,0.000083035
87,1580672923,1580672927,180,-132.79,66.7,0.376316,0.000110363,1.136224,0.000161028,0.0422324,0.00014739
88,1580672952,1580672956,180,-132.79,107.5,0.331428,0.000119666,0.881318,0.000099599,-0.0263164,0.000078951
89,1580672963,1580672967,140,-132.79,107.5,0.1534478,0.000043234,0.810244,0.000026077,-0.0349856,0.000017558
90,1580672974,1580672978,100,-132.79,107.5,0.0415636,0.000103408,0.70836,0.000046368,-0.1229898,0.000216147
91,1580672985,1580672989,60,-132.79,107.5,-0.0136242,0.000131621,0.600336,0.000155016,-0.247644,0.000166223
92,1580672994,1580672998,20,-132.79,107.5,0.0038456,0.000162834,0.500474,0.00012341,-0.385124,0.00016025
93,1580673017,1580673021,20,-132.79,146.6,0.1203884,0.000037421,0.45296,0.000048477,-0.257054,0.000082644
94,1580673028,1580673032,60,-132.79,146.6,0.0995838,0.000134917,0.520326,0.000400787,-0.1617726,0.000159589
95,1580673039,1580673043,100,-132.79,146.6,0.1227262,0.000137205,0.59089,0.000186011,-0.0801484,0.000159175
96,1580673050,1580673054,140,-132.79,146.6,0.1879976,0.000082084,0.652214,0.000069498,-0.0328224,0.000049003
97,1580673068,1580673072,180,-132.79,146.6,0.27504,0.000162481,0.692892,0.000217532,-0.0417328,0.000149349
98,1580673095,1580673099,180,-132.79,187.4,0.233334,0.00004669,0.548358,0.000025884,-0.0354428,0.00002856
99,1580673106,1580673110,140,-132.79,187.4,0.200438,0.000074632,0.5239,0.000059582,-0.0259412,0.000070871
100,1580673117,1580673121,100,-132.79,187.4,0.1740712,0.000124208,0.487128,0.000180194,-0.0519066,0.00042872
101,1580673132,1580673136,60,-132.79,187.4,0.171471,0.000110761,0.443464,0.000108766,-0.1033286,0.000263621
102,1580673142,1580673146,20,-132.79,187.4,0.197998,0.000101215,0.401072,0.000060581,-0.1662096,0.000504372
103,1580673385,1580673389,20,-212.79,37.4,-0.727278,0.000004472,0.896452,0.000054498,-0.618158,0.000027749
104,1580673421,1580673425,60,-212.79,37.4,-0.817162,0.000008367,1.192696,0.000018166,-0.22593,0.000015811
105,1580673431,1580673435,100,-212.79,37.4,-0.786324,0.000020736,1.5134,0.000073485,0.1683696,0.000036712
106,1580673448,1580673452,140,-212.79,37.4,-0.635596,0.000092358,1.792504,0.000248656,0.731192,0.000154984
107,1580673460,1580673464,180,-212.79,37.4,0.0261218,0.000036561,2.01098,0.000044721,1.29204,0.000015811
108,1580673490,1580673494,180,-212.79,67.7,0.1683158,0.000034745,1.55852,0.000082158,0.88257,0.00002
109,1580673501,1580673505,140,-212.79,67.7,-0.28884,0.000037417,1.422844,0.000015166,0.620466,0.000035071
110,1580673511,1580673515,100,-212.79,67.7,-0.493958,0.000138996,1.231902,0.000228079,0.258004,0.000208038
111,1580673520,1580673524,60,-212.79,67.7,-0.541158,0.00012478,1.014582,0.000209213,-0.0859102,0.000253509
112,1580673529,1580673533,20,-212.79,67.7,-0.47659,0.00012,0.808818,0.000178522,-0.407222,0.000194859
113,1580673555,1580673559,20,-212.79,107.5,-0.210042,0.000031145,0.677018,0.000034928,-0.216862,0.000031145
114,1580673566,1580673570,60,-212.79,107.5,-0.25328,0.000137295,0.80406,0.000160468,0.0203752,0.0001054
115,1580673577,1580673581,100,-212.79,107.5,-0.1993,0.000048477,0.935346,0.000049295,0.260216,0.000142232
116,1580673587,1580673591,140,-212.79,107.5,-0.0396948,0.000133125,1.047144,0.000108766,0.465518,0.000130652
117,1580673599,1580673603,180,-212.79,107.5,0.238912,0.000141315,1.11768,0.000046368,0.567324,0.000063482
118,1580673632,1580673636,180,-212.79,147.7,0.22992,0.000050498,0.809484,0.000011402,0.387662,0.000037014
119,1580673641,1580673645,140,-212.79,147.7,0.0772138,0.000038584,0.771648,0.000139176,0.348496,0.000127789
120,1580673651,1580673655,100,-212.79,147.7,-0.0194428,0.000067795,0.707694,0.000020736,0.230922,0.000103296
121,1580673665,1580673669,60,-212.79,147.7,-0.0495058,0.0000927,0.631584,0.00013409,0.0734498,0.000137703
122,1580673677,1580673681,20,-212.79,147.7,-0.0120364,0.000152872,0.55657,0.000171318,-0.0940964,0.000168118
123,1580673702,1580673706,20,-212.79,187.3,0.1257308,0.000010616,0.451356,0.000005477,-0.013565,0.000031081
124,1580673715,1580673719,60,-212.79,187.3,0.0895144,0.000163445,0.49174,0.000133791,0.1002732,0.000102921
125,1580673727,1580673731,100,-212.79,187.3,0.0954906,0.00013226,0.534044,0.000159625,0.201682,0.000121532
126,1580673738,1580673742,140,-212.79,187.3,0.1435578,0.000121794,0.568656,0.000091269,0.270116,0.00010015
127,1580673751,1580673755,180,-212.79,187.3,0.20616,0.000029155,0.590798,0.000034928,0.286874,0.000018166
128,1580673864,1580673868,180,-292.79,37.7,-0.27717,0.000133229,2.08142,0.000109545,2.8989,0.000122474
129,1580673876,1580673880,140,-292.79,37.7,-1.12243,0.000105119,2.0053,0.000122474,2.08566,0.000089443
130,1580673890,1580673894,100,-292.79,37.7,-1.44099,0.000088882,1.757118,0.000040866,1.289614,0.000071624
131,1580673903,1580673907,60,-292.79,37.7,-1.496624,0.000149265,1.424218,0.000028636,0.488774,0.000050299
132,1580673913,1580673917,20,-292.79,37.7,-1.285296,0.000078294,1.141002,0.000106864,-0.222614,0.000199073
133,1580673935,1580673939,20,-292.79,67.5,-0.867536,0.000053666,0.924562,0.000066483,-0.0238924,0.000112008
134,1580673959,1580673963,60,-292.79,67.5,-0.989348,0.000040866,1.132504,0.000073007,0.51397,0.000080312
135,1580673983,1580673987,100,-292.79,67.5,-0.91666,0.00002,1.342012,0.000074632,1.10318,0.000047434
136,1580673994,1580673998,140,-292.79,67.5,-0.611206,0.000118659,1.49617,0.000149164,1.666194,0.000105262
137,1580674007,1580674011,180,-292.79,67.5,0.0029608,0.000261582,1.562106,0.000147411,2.0663,0
138,1580674034,1580674038,180,-292.79,107.4,0.1328668,0.000157997,1.075902,0.000123167,1.37712,0.000113358
139,1580674043,1580674047,140,-292.79,107.4,-0.23506,0.000048477,1.028438,0.000019235,1.190612,0.000077266
140,1580674053,1580674057,100,-292.79,107.4,-0.456922,0.000084083,0.93705,0.000179583,0.86166,0.000096954
141,1580674063,1580674067,60,-292.79,107.4,-0.520148,0.000034205,0.821082,0.000109864,0.475204,0.000231689
142,1580674073,1580674077,20,-292.79,107.4,-0.445414,0.000058992,0.706242,0.000065345,0.0981722,0.000165812
143,1580674099,1580674103,20,-292.79,147.5,-0.1399844,0.000114749,0.549158,0.000036332,0.1597124,0.000129547
144,1580674109,1580674113,60,-292.79,147.5,-0.1971784,0.000041902,0.603818,0.000206204,0.421144,0.000142934
145,1580674121,1580674125,100,-292.79,147.5,-0.16163,0.0001203,0.663036,0.000174299,0.67153,0.000182757
146,1580674133,1580674137,140,-292.79,147.5,-0.0317768,0.000075268,0.710702,0.000117771,0.865656,0.000053198
147,1580674146,1580674150,180,-292.79,147.5,0.1728882,0.000079263,0.735642,0.000109864,0.95811,0.000074162
148,1580674175,1580674179,180,-292.79,187.3,0.1830024,0.000026063,0.49351,0.000026458,0.699958,0.000014832
149,1580674187,1580674191,140,-292.79,187.3,0.0823608,0.0001422,0.483302,0.000157067,0.655172,0.000151559
150,1580674198,1580674202,100,-292.79,187.3,0.019664,0.000039313,0.461888,0.000058907,0.540488,0.000022804
151,1580674216,1580674220,60,-292.79,187.3,0.0167746,0.000157457,0.438278,0.000121532,0.381814,0.000372398
152,1580674227,1580674231,20,-292.79,187.3,0.071963,0.000028574,0.422846,0.0000498,0.20633,0.000030822
153,1580674809,1580674813,-180,-292.79,37,0.859592,0.000087006,0.41918,0.000015811,-1.30718,0.000018708
154,1580674822,1580674826,-140,-292.79,37,0.356554,0.000107378,0.442224,0.000143283,-1.252554,0.000127397
155,1580674833,1580674837,-100,-292.79,37,-0.064154,0.000042802,0.546636,0.000070922,-1.07069,0.000028284
156,1580674845,1580674849,-60,-292.79,37,-0.4062,0.000130192,0.718408,0.000129112,-0.949824,0.00014775
157,1580674856,1580674860,-20,-292.79,37,-0.871816,0.000153883,0.896306,0.000094499,-0.733832,0.000193572
158,1580674882,1580674886,-20,-292.79,67.5,-0.610712,0.000016432,0.738954,0.000063482,-0.447452,0.000019235
159,1580674892,1580674896,-60,-292.79,67.5,-0.279254,0.0000251,0.598618,0.000045497,-0.718112,0.000027749
160,1580674903,1580674907,-100,-292.79,67.5,0.0568032,0.00002705,0.477648,0.000034205,-0.896274,0.000011402
161,1580674917,1580674921,-140,-292.79,67.5,0.433152,0.000049699,0.397064,0.000015166,-1.015912,0.000008367
162,1580674934,1580674938,-180,-292.79,67.5,0.837766,0.000138311,0.370636,0.000135388,-1.048784,0.000141174
163,1580674964,1580674968,-180,-292.79,107.1,0.841398,0.000091214,0.386252,0.000054498,-0.799338,0.000027749
164,1580674975,1580674979,-140,-292.79,107.1,0.510638,0.000126965,0.390824,0.000102127,-0.756096,0.000125817
165,1580674987,1580674991,-100,-292.79,107.1,0.204752,0.000068337,0.441918,0.000075299,-0.65127,0.000081854
166,1580674999,1580675003,-60,-292.79,107.1,-0.0611766,0.000118774,0.514992,0.000134796,-0.477904,0.000160562
167,1580675010,1580675014,-20,-292.79,107.1,-0.290508,0.000069785,0.599192,0.000049699,-0.229022,0.000032711
168,1580675035,1580675039,-20,-292.79,147.5,-0.031091,0.000074213,0.504274,0.0000498,-0.0903186,0.000054962
169,1580675047,1580675051,-60,-292.79,147.5,0.1353002,0.000173298,0.470226,0.000128957,-0.290914,0.000120125
170,1580675060,1580675064,-100,-292.79,147.5,0.33872,0.00011158,0.438156,0.000155016,-0.440262,0.000152872
171,1580675071,1580675075,-140,-292.79,147.5,0.583206,0.000029665,0.421578,0.000083187,-0.536678,0.000086139
172,1580675084,1580675088,-180,-292.79,147.5,0.867938,0.000292524,0.455716,0.000205256,-0.58373,0.00030895
173,1580675111,1580675115,-180,-292.79,186.9,0.886792,0.000135351,0.52909,0.000120208,-0.364642,0.000116276
174,1580675124,1580675128,-140,-292.79,186.9,0.64982,0.000128841,0.46228,0.000162788,-0.332542,0.000168582
175,1580675134,1580675138,-100,-292.79,186.9,0.456084,0.000090995,0.439712,0.000043243,-0.249446,0.000039115
176,1580675144,1580675148,-60,-292.79,186.9,0.295654,0.000117813,0.432734,0.000039115,-0.1269984,0.00008548
177,1580675157,1580675161,-20,-292.79,186.9,0.1657764,0.0001161,0.424976,0.000034351,0.0259214,0.000115175
178,1580675470,1580675474,-20,-212.79,37.5,-0.538086,0.000142583,0.668342,0.000163156,-0.939768,0.000153688
179,1580675483,1580675487,-60,-212.79,37.5,-0.235622,0.000008367,0.565074,0.000013416,-1.214848,0.000004472
180,1580675499,1580675503,-100,-212.79,37.5,0.1473274,0.000012402,0.507854,0.000026077,-1.405088,0.000013038
181,1580675513,1580675517,-140,-212.79,37.5,0.5593,0.000132853,0.40559,0.000166283,-1.436198,0.000158493
182,1580675524,1580675528,-180,-212.79,37.5,0.982244,0.000109225,0.27805,0.000152151,-1.361284,0.000131643
183,1580675554,1580675558,-180,-212.79,67.4,0.869878,0.000016432,0.34886,0.000012247,-1.011938,0.000008367
184,1580675564,1580675568,-140,-212.79,67.4,0.554442,0.000046583,0.39586,0.000057009,-1.076984,0.000030496
185,1580675575,1580675579,-100,-212.79,67.4,0.224718,0.000143771,0.461814,0.00017126,-1.03947,0.000165378
186,1580675588,1580675592,-60,-212.79,67.4,-0.0781192,0.00002739,0.535378,0.000035637,-0.901668,0.000034928
187,1580675599,1580675603,-20,-212.79,67.4,-0.324372,0.000025884,0.64162,0.000015811,-0.68268,0.00003
188,1580675628,1580675632,-20,-212.79,107.4,-0.099074,0.000015684,0.568448,0.000016432,-0.430604,0.000018166
189,1580675639,1580675643,-60,-212.79,107.4,0.0842078,0.000019766,0.491196,0.000020736,-0.596292,0.000041473
190,1580675649,1580675653,-100,-212.79,107.4,0.307848,0.000048166,0.43969,0.000033912,-0.701886,0.000036469
191,1580675658,1580675662,-140,-212.79,107.4,0.552202,0.000056745,0.411556,0.000037815,-0.740122,0.000031937
192,1580675669,1580675673,-180,-212.79,107.4,0.785038,0.000038341,0.413426,0.000054589,-0.71117,0.000076158
193,1580675697,1580675701,-180,-212.79,147.2,0.741266,0.000026077,0.457596,0.000083845,-0.487506,0.000030496
194,1580675706,1580675710,-140,-212.79,147.2,0.561614,0.00016334,0.430242,0.000126768,-0.496602,0.000140428
195,1580675716,1580675720,-100,-212.79,147.2,0.376294,0.00019857,0.429388,0.000157067,-0.45993,0.000164773
196,1580675728,1580675732,-60,-212.79,147.2,0.207648,0.000038341,0.452,0.000033912,-0.376502,0.000049193
197,1580675737,1580675741,-20,-212.79,147.2,0.0717636,0.000085128,0.494696,0.000080187,-0.251832,0.000200175
198,1580675770,1580675774,-20,-212.79,187.4,0.1921844,0.000077093,0.425718,0.000049699,-0.1271928,0.000014772
199,1580675780,1580675784,-60,-212.79,187.4,0.300424,0.000168315,0.41125,0.000137113,-0.216836,0.000121573
200,1580675791,1580675795,-100,-212.79,187.4,0.43127,0.000238328,0.41331,0.000174356,-0.278882,0.000200175
201,1580675802,1580675806,-140,-212.79,187.4,0.574112,0.000168137,0.435624,0.000129345,-0.30693,0.000117686
202,1580675811,1580675815,-180,-212.79,187.4,0.71624,0.000181108,0.477548,0.000104976,-0.30001,0.000128062
203,1580676029,1580676033,-180,-132.79,37.5,1.05579,0.000018708,0.24381,0.00001,-0.810504,0.000011402
204,1580676042,1580676046,-140,-132.79,37.5,0.794032,0.000014832,0.1578534,0.000059265,-1.224514,0.000011402
205,1580676057,1580676061,-100,-132.79,37.5,0.316772,0.000008367,0.1498782,0.000012911,-1.305634,0.000011402
206,1580676068,1580676072,-60,-132.79,37.5,-0.0124496,0.000006542,0.276376,0.000016733,-1.1703,0.00001
207,1580676077,1580676081,-20,-132.79,37.5,-0.209282,0.000016432,0.439166,0.000038471,-0.976368,0.000004472
208,1580676102,1580676106,-20,-132.79,67.2,-0.0699184,0.0000259,0.425634,0.0000251,-0.745528,0.000017889
209,1580676112,1580676116,-60,-132.79,67.2,0.1088744,0.000045605,0.319826,0.0000251,-0.890492,0.000013038
210,1580676123,1580676127,-100,-132.79,67.2,0.347208,0.000004472,0.24771,0.000056569,-0.968138,0.000013038
211,1580676133,1580676137,-140,-132.79,67.2,0.626926,0.000019494,0.247762,0.000008367,-0.927222,0.000008367
212,1580676144,1580676148,-180,-132.79,67.2,0.862204,0.00002881,0.300366,0.00002881,-0.758522,0.000043243
213,1580676175,1580676179,-180,-132.79,107.5,0.718302,0.000021679,0.360322,0.000057184,-0.586098,0.000030332
214,1580676189,1580676193,-140,-132.79,107.5,0.553524,0.000033615,0.316446,0.000085323,-0.656,0.000070356
215,1580676200,1580676204,-100,-132.79,107.5,0.373996,0.000018166,0.315934,0.000016733,-0.664944,0.000015166
216,1580676209,1580676213,-60,-132.79,107.5,0.21009,0.000014142,0.35303,0.000033912,-0.61256,0.000055678
217,1580676220,1580676224,-20,-132.79,107.5,0.0757338,0.000011389,0.421,0.00002,-0.511782,0.000017889
218,1580676242,1580676246,-20,-132.79,147.2,0.1773288,0.000018992,0.402514,0.000060249,-0.344764,0.000019494
219,1580676254,1580676258,-60,-132.79,147.2,0.276936,0.000008944,0.362356,0.000027019,-0.41447,0.00004
220,1580676263,1580676267,-100,-132.79,147.2,0.396952,0.000050695,0.344886,0.000051284,-0.45349,0.000043012
221,1580676273,1580676277,-140,-132.79,147.2,0.525874,0.00002881,0.356392,0.000031145,-0.455388,0.000036332
222,1580676284,1580676288,-180,-132.79,147.2,0.649934,0.00004827,0.401032,0.000065345,-0.424196,0.000074027
223,1580676312,1580676316,-180,-132.79,187.3,0.617676,0.000032094,0.412988,0.000050695,-0.283416,0.00002881
224,1580676323,1580676327,-140,-132.79,187.3,0.51702,0.000108628,0.36687,0.000100747,-0.302158,0.000177257
225,1580676333,1580676337,-100,-132.79,187.3,0.416906,0.000040988,0.349392,0.000128725,-0.298942,0.00011077
226,1580676343,1580676347,-60,-132.79,187.3,0.325164,0.000041593,0.352622,0.00005933,-0.271736,0.000032863
227,1580676353,1580676357,-20,-132.79,187.3,0.247444,0.000054129,0.373462,0.000026833,-0.224146,0.000026077
228,1580676783,1580676787,-20,-52.79,37.5,-0.000332,0.000020199,0.1313086,0.000036184,-0.88552,0.000050498
229,1580676794,1580676798,-60,-52.79,37.5,0.362646,0.000016733,0.0257644,0.000333347,-0.88679,0.000033912
230,1580676804,1580676808,-100,-52.79,37.5,0.36786,0.000014142,-0.0610218,0.000052599,-0.725816,0.000033615
231,1580676813,1580676817,-140,-52.79,37.5,0.35664,0.000045277,-0.0076398,0.000039927,-0.957148,0.000013038
232,1580676822,1580676826,-180,-52.79,37.5,0.679754,0.000205012,0.1576772,0.000160526,-1.052912,0.00009985
233,1580676853,1580676857,-180,-52.79,67.8,0.611878,0.00012276,0.1656088,0.000116658,-0.734894,0.000047223
234,1580676864,1580676868,-140,-52.79,67.8,0.47219,0.000018708,0.0715334,0.000029305,-0.74408,0.000037417
235,1580676873,1580676877,-100,-52.79,67.8,0.390486,0.000023022,0.0537166,0.000028971,-0.699554,0.000015166
236,1580676884,1580676888,-60,-52.79,67.8,0.294596,0.000015166,0.1118482,0.000035138,-0.710412,0.000016432
237,1580676895,1580676899,-20,-52.79,67.8,0.1205784,0.000028536,0.193854,0.000037947,-0.659158,0.000030332
238,1580676922,1580676926,-20,-52.79,107.3,0.216634,0.0000251,0.256,0.000027386,-0.470746,0.000024083
239,1580676940,1580676944,-60,-52.79,107.3,0.312678,0.000027749,0.195218,0.000027749,-0.520346,0.000024083
240,1580676952,1580676956,-100,-52.79,107.3,0.401472,0.000017889,0.159366,0.000074199,-0.535308,0.000010954
241,1580676961,1580676965,-140,-52.79,107.3,0.480822,0.000087006,0.1664998,0.000055868,-0.533728,0.000035637
242,1580676969,1580676973,-180,-52.79,107.3,0.549268,0.000026833,0.225406,0.000040373,-0.504272,0.000040249
243,1580676997,1580677001,-180,-52.79,147.8,0.512848,0.000051186,0.276816,0.000090995,-0.367622,0.000022804
244,1580677007,1580677011,-140,-52.79,147.8,0.466986,0.000008944,0.232026,0.000077653,-0.386922,0.000030332
245,1580677018,1580677022,-100,-52.79,147.8,0.406456,0.000041593,0.224756,0.000232551,-0.390908,0.000055408
246,1580677029,1580677033,-60,-52.79,147.8,0.33918,0.000053852,0.246594,0.000074027,-0.378898,0.000088713
247,1580677040,1580677044,-20,-52.79,147.8,0.275024,0.000057271,0.288288,0.000060992,-0.346088,0.000053572
248,1580677071,1580677075,-20,-52.79,187.3,0.30977,0.000007071,0.295124,0.000023022,-0.2567,0.000015811
249,1580677082,1580677086,-60,-52.79,187.3,0.357528,0.000014832,0.269364,0.000040988,-0.27495,0.000036056
250,1580677092,1580677096,-100,-52.79,187.3,0.40905,0.000066708,0.259116,0.000085615,-0.280982,0.000047117
251,1580677102,1580677106,-140,-52.79,187.3,0.456982,0.000063797,0.27134,0.000157639,-0.27565,0.000082158
252,1580677112,1580677116,-180,-52.79,187.3,0.49239,0.000145774,0.312368,0.000139176,-0.263216,0.00006229
253,1580677362,1580677366,-180,27.21,37.8,0.396992,0.000021679,-0.664792,0.000035637,-0.571512,0.000036332
254,1580677372,1580677376,-140,27.21,37.8,0.477026,0.00002881,-0.663348,0.000069426,-0.455894,0.000035777
255,1580677382,1580677386,-100,27.21,37.8,0.652976,0.000058992,-0.390846,0.000077006,-0.52479,0.000014142
256,1580677400,1580677404,-60,27.21,37.8,0.585182,0.000010954,-0.1760586,0.000063485,-0.724268,0.000014832
257,1580677421,1580677425,-20,27.21,37.8,0.194234,0.000011402,0.005558,0.000022572,-0.693914,0.000020736
258,1580677447,1580677451,-20,27.21,67.4,0.315214,0.000011402,0.102351,0.000016386,-0.476546,0.000011402
259,1580677458,1580677462,-60,27.21,67.4,0.500148,0.000004472,-0.0450276,0.000014328,-0.487784,0.000008944
260,1580677472,1580677476,-100,27.21,67.4,0.55758,0.000015811,-0.193541,0.000017,-0.39365,0.000036742
261,1580677481,1580677485,-140,27.21,67.4,0.487326,0.0000251,-0.305448,0.000091488,-0.334106,0.000080808
262,1580677493,1580677497,-180,27.21,67.4,0.4179,0.000028284,-0.29352,0.000054314,-0.341824,0.000011402
263,1580677516,1580677520,-180,27.21,107.9,0.413324,0.00002881,-0.0232894,0.000097079,-0.251086,0.000011402
264,1580677538,1580677542,-140,27.21,107.9,0.462854,0.000008944,-0.044073,0.000007211,-0.264626,0.000005477
265,1580677553,1580677557,-100,27.21,107.9,0.48789,0.00001,0.0021858,0.00001429,-0.302838,0.000008367
266,1580677568,1580677572,-60,27.21,107.9,0.455966,0.000088487,0.0866668,0.000098396,-0.34554,0.000051962
267,1580677581,1580677585,-20,27.21,107.9,0.376,0.000071764,0.1862556,0.000101741,-0.346852,0.000028636
268,1580677663,1580677667,-20,27.21,147.5,0.392678,0.000016432,0.233186,0.000073689,-0.283446,0.000015166
269,1580677673,1580677677,-60,27.21,147.5,0.433816,0.000008944,0.1666404,0.000048814,-0.275434,0.000049295
270,1580677683,1580677687,-100,27.21,147.5,0.452032,0.000034928,0.1163272,0.000037858,-0.251654,0.000051769
271,1580677692,1580677696,-140,27.21,147.5,0.440816,0.000019494,0.0958494,0.000014381,-0.228308,0.000016432
272,1580677702,1580677706,-180,27.21,147.5,0.40851,0.000036742,0.1133476,0.000060822,-0.218388,0.000022804
273,1580677734,1580677738,-180,27.21,187.7,0.407928,0.000013038,0.1784916,0.000045192,-0.188024,0.000029665
274,1580677743,1580677747,-140,27.21,187.7,0.42617,0.000046368,0.1627348,0.000026023,-0.194914,0.000064653
275,1580677753,1580677757,-100,27.21,187.7,0.430878,0.000035637,0.172594,0.000023696,-0.211352,0.000056303
276,1580677763,1580677767,-60,27.21,187.7,0.41841,0.000046368,0.20423,0.000081854,-0.229288,0.000062209
277,1580677774,1580677778,-20,27.21,187.7,0.391544,0.000059414,0.250396,0.000043359,-0.240788,0.000069065
278,1580678160,1580678164,-20,107.21,37.2,0.838812,0.00008167,0.223528,0.000052154,-0.400528,0.000030332
279,1580678170,1580678174,-60,107.21,37.2,1.24747,0.000023452,-0.1708694,0.000020538,-0.064261,0.000055808
280,1580678180,1580678184,-100,107.21,37.2,1.372052,0.000179639,-0.560818,0.0000614,0.629798,0.000147037
281,1580678191,1580678195,-140,107.21,37.2,0.760214,0.000043932,-0.697034,0.000032863,1.28098,0.000030822
282,1580678201,1580678205,-180,107.21,37.2,0.0022278,0.000068649,-0.613092,0.000062209,1.06501,0.000043012
283,1580678236,1580678240,-180,107.21,67.8,0.214434,0.000096592,-0.25596,0.00006364,0.542926,0.000041593
284,1580678247,1580678251,-140,107.21,67.8,0.61192,0.000170147,-0.29564,0.000073824,0.57833,0.000033912
285,1580678261,1580678265,-100,107.21,67.8,0.932442,0.000027749,-0.188122,0.000046043,0.298568,0.000096799
286,1580678271,1580678275,-60,107.21,67.8,0.937028,0.000036332,0.0231088,0.000120535,-0.0661544,0.000182744
287,1580678283,1580678287,-20,107.21,67.8,0.722218,0.000089554,0.26509,0.000064807,-0.285776,0.000050299
288,1580678312,1580678316,-20,107.21,107.1,0.626458,0.000084971,0.291366,0.000101143,-0.248048,0.00008167
289,1580678322,1580678326,-60,107.21,107.1,0.708488,0.000065727,0.148311,0.000118916,-0.131514,0.000088235
290,1580678331,1580678335,-100,107.21,107.1,0.675596,0.000042778,0.0240128,0.000022554,0.0286752,0.000016858
291,1580678340,1580678344,-140,107.21,107.1,0.515172,0.000110544,-0.043003,0.000023696,0.1432494,0.000069734
292,1580678351,1580678355,-180,107.21,107.1,0.310048,0.00008167,-0.0334934,0.000028077,0.1423006,0.000042548
293,1580678387,1580678391,-180,107.21,147.9,0.346722,0.000017889,0.0502712,0.000077018,-0.0422124,0.00003778
294,1580678399,1580678403,-140,107.21,147.9,0.46684,0.000105357,0.0501172,0.000133119,-0.0469812,0.000037712
295,1580678410,1580678414,-100,107.21,147.9,0.563688,0.000118617,0.096556,0.00008245,-0.1034206,0.000102026
296,1580678427,1580678431,-60,107.21,147.9,0.596584,0.000051769,0.1849944,0.000071055,-0.1820954,0.000041489
297,1580678439,1580678443,-20,107.21,147.9,0.562124,0.000099398,0.289102,0.000208614,-0.249262,0.000098336
298,1580678485,1580678489,-20,107.21,187,0.514434,0.000051769,0.27324,0.000166283,-0.243896,0.000060249
299,1580678494,1580678498,-60,107.21,187,0.534308,0.000153199,0.188044,0.000178969,-0.19688,0.000106536
300,1580678506,1580678510,-100,107.21,187,0.505902,0.000058052,0.1175648,0.000039239,-0.1482522,0.000032089
301,1580678520,1580678524,-140,107.21,187,0.439096,0.000034351,0.0806254,0.000088189,-0.1127238,0.000029525
302,1580678531,1580678535,-180,107.21,187,0.361262,0.000083187,0.0824646,0.000108138,-0.1042868,0.000023221
